{
  "ap_score": 0.9379623417797477,
  "roc_auc": 0.8755656108597285,
  "f1_score": 0.875,
  "accuracy": 0.8604651162790697,
  "balanced_accuracy": 0.8744343891402715,
  "precision": 0.9545454545454546,
  "recall": 0.8076923076923077,
  "confusion_matrix": [
    [
      16,
      1
    ],
    [
      5,
      21
    ]
  ]
}